num_layers,num_epochs,batch_size,test_loss
10,20,10,0.011248920112848282
10,20,20,0.01703340746462345
10,20,30,0.019995572045445442
10,20,40,0.012660191394388676
10,20,50,0.018829576671123505
10,20,60,0.023781929165124893
10,20,70,0.0323747880756855
10,20,80,0.028782889246940613
10,20,90,0.017524367198348045
10,20,100,0.0389157272875309
10,30,10,0.010918752290308475
10,30,20,0.012116195634007454
10,30,30,0.011807008646428585
10,30,40,0.015794767066836357
10,30,50,0.013463359326124191
10,30,60,0.02088911458849907
10,30,70,0.012484335340559483
10,30,80,0.021590085700154305
10,30,90,0.018572945147752762
10,30,100,0.019279949367046356
10,40,10,0.01139465719461441
10,40,20,0.009023924358189106
10,40,30,0.00947381928563118
10,40,40,0.013920130208134651
10,40,50,0.017342068254947662
10,40,60,0.01372101716697216
10,40,70,0.014915592037141323
10,40,80,0.016637630760669708
10,40,90,0.018816059455275536
10,40,100,0.01711525209248066
10,50,10,0.009111662395298481
10,50,20,0.010130336508154869
10,50,30,0.010006467811763287
10,50,40,0.013221198692917824
10,50,50,0.012521358206868172
10,50,60,0.013854317367076874
10,50,70,0.012141984887421131
10,50,80,0.016306506469845772
10,50,90,0.01373137068003416
10,50,100,0.014174778945744038
10,60,10,0.0072701615281403065
10,60,20,0.010974195785820484
10,60,30,0.011584125459194183
10,60,40,0.008897551335394382
10,60,50,0.009484180249273777
10,60,60,0.014550942927598953
10,60,70,0.013341717422008514
10,60,80,0.012545480392873287
10,60,90,0.014476901851594448
10,60,100,0.028425194323062897
10,70,10,0.009595525451004505
10,70,20,0.008843431249260902
10,70,30,0.008247644640505314
10,70,40,0.009755566716194153
10,70,50,0.009042618796229362
10,70,60,0.011797670274972916
10,70,70,0.014889129437506199
10,70,80,0.01185647677630186
10,70,90,0.01828085631132126
10,70,100,0.01327291689813137
10,80,10,0.006342707667499781
10,80,20,0.008952479809522629
10,80,30,0.009531501680612564
10,80,40,0.01053941436111927
10,80,50,0.010568207129836082
10,80,60,0.010665252804756165
10,80,70,0.011089090257883072
10,80,80,0.010133941657841206
10,80,90,0.011271242052316666
10,80,100,0.01605202630162239
10,90,10,0.006602033041417599
10,90,20,0.007343500852584839
10,90,30,0.00929529033601284
10,90,40,0.01118928287178278
10,90,50,0.010961104184389114
10,90,60,0.008414884097874165
10,90,70,0.011120745912194252
10,90,80,0.012939149513840675
10,90,90,0.013124501332640648
10,90,100,0.010861446149647236
10,100,10,0.005985470023006201
10,100,20,0.007095306646078825
10,100,30,0.0075688050128519535
10,100,40,0.009709840640425682
10,100,50,0.01252790354192257
10,100,60,0.008965588174760342
10,100,70,0.008819418027997017
10,100,80,0.011090517044067383
10,100,90,0.009767033159732819
10,100,100,0.012364030815660954
10,110,10,0.008080379106104374
10,110,20,0.007599430158734322
10,110,30,0.009901725687086582
10,110,40,0.008688723668456078
10,110,50,0.009464972652494907
10,110,60,0.008748909458518028
10,110,70,0.010772834531962872
10,110,80,0.009010466746985912
10,110,90,0.014337364584207535
10,110,100,0.01025230810046196
10,120,10,0.006653334014117718
10,120,20,0.00840683002024889
10,120,30,0.008668992668390274
10,120,40,0.010186007246375084
10,120,50,0.008297578431665897
10,120,60,0.011936018243432045
10,120,70,0.008929071947932243
10,120,80,0.011282452382147312
10,120,90,0.010346997529268265
10,120,100,0.010343614034354687
10,130,10,0.005885622929781675
10,130,20,0.007594921160489321
10,130,30,0.007305682636797428
10,130,40,0.007234612014144659
10,130,50,0.008223186247050762
10,130,60,0.010928293690085411
10,130,70,0.008879653178155422
10,130,80,0.007829844020307064
10,130,90,0.007726576179265976
10,130,100,0.007582006976008415
10,140,10,0.0061445338651537895
10,140,20,0.005748947151005268
10,140,30,0.006417201366275549
10,140,40,0.00745271285995841
10,140,50,0.008229638449847698
10,140,60,0.007895581424236298
10,140,70,0.00678792130202055
10,140,80,0.008158771321177483
10,140,90,0.009663796983659267
10,140,100,0.013749153353273869
10,150,10,0.005828137043863535
10,150,20,0.006736943498253822
10,150,30,0.007465592585504055
10,150,40,0.007738382089883089
10,150,50,0.009593334048986435
10,150,60,0.009716778062283993
10,150,70,0.009871532209217548
10,150,80,0.008569356054067612
10,150,90,0.010655814781785011
10,150,100,0.009672179818153381
10,160,10,0.005640426184982061
10,160,20,0.0060184127651154995
10,160,30,0.00659434637054801
10,160,40,0.0100273247808218
10,160,50,0.009527765214443207
10,160,60,0.009844064712524414
10,160,70,0.010276497341692448
10,160,80,0.008232992142438889
10,160,90,0.008724890649318695
10,160,100,0.008534714579582214
10,170,10,0.005612669512629509
10,170,20,0.007666278630495071
10,170,30,0.006952136754989624
10,170,40,0.007784083019942045
10,170,50,0.008132679387927055
10,170,60,0.007576466538012028
10,170,70,0.010492250323295593
10,170,80,0.007315268740057945
10,170,90,0.009206105023622513
10,170,100,0.013450108468532562
10,180,10,0.006712648551911116
10,180,20,0.008614055812358856
10,180,30,0.007954849861562252
10,180,40,0.007509253453463316
10,180,50,0.007636690512299538
10,180,60,0.007053783629089594
10,180,70,0.008796478621661663
10,180,80,0.008037625811994076
10,180,90,0.007109213154762983
10,180,100,0.008428138680756092
10,190,10,0.005999494343996048
10,190,20,0.006670793984085321
10,190,30,0.007172214332967997
10,190,40,0.005810514558106661
10,190,50,0.007518919184803963
10,190,60,0.008380941115319729
10,190,70,0.008910045959055424
10,190,80,0.0084168566390872
10,190,90,0.0081928800791502
10,190,100,0.01046660728752613
10,200,10,0.007951656356453896
10,200,20,0.006931141950190067
10,200,30,0.00813126377761364
10,200,40,0.0057106027379632
10,200,50,0.009341472759842873
10,200,60,0.007998034358024597
10,200,70,0.006651159841567278
10,200,80,0.007706695701926947
10,200,90,0.01018175296485424
10,200,100,0.008835441432893276
20,20,10,0.00854448787868023
20,20,20,0.00932998675853014
20,20,30,0.009113882668316364
20,20,40,0.01144494116306305
20,20,50,0.012967287562787533
20,20,60,0.013810569420456886
20,20,70,0.012574088759720325
20,20,80,0.015863336622714996
20,20,90,0.01806878298521042
20,20,100,0.019918294623494148
20,30,10,0.009551353752613068
20,30,20,0.010999234393239021
20,30,30,0.009722525253891945
20,30,40,0.012913959100842476
20,30,50,0.015474390238523483
20,30,60,0.011296229436993599
20,30,70,0.014119327999651432
20,30,80,0.01331747230142355
20,30,90,0.012065778486430645
20,30,100,0.013261294923722744
20,40,10,0.007351571228355169
20,40,20,0.009000269696116447
20,40,30,0.008826863020658493
20,40,40,0.009268589317798615
20,40,50,0.009371139109134674
20,40,60,0.009578732773661613
20,40,70,0.012355398386716843
20,40,80,0.012066065333783627
20,40,90,0.012694820761680603
20,40,100,0.014771820046007633
20,50,10,0.007861645892262459
20,50,20,0.008496343158185482
20,50,30,0.007933290675282478
20,50,40,0.008278963156044483
20,50,50,0.011532779783010483
20,50,60,0.010469796136021614
20,50,70,0.008334112353622913
20,50,80,0.010237866081297398
20,50,90,0.010293154045939445
20,50,100,0.010365950874984264
20,60,10,0.007101224735379219
20,60,20,0.00841523241251707
20,60,30,0.008073858916759491
20,60,40,0.009844759479165077
20,60,50,0.008897785097360611
20,60,60,0.01054382137954235
20,60,70,0.00904686376452446
20,60,80,0.008705031126737595
20,60,90,0.009604071266949177
20,60,100,0.01032835990190506
20,70,10,0.006994359195232391
20,70,20,0.007509758695960045
20,70,30,0.008202741853892803
20,70,40,0.008113621734082699
20,70,50,0.008264390751719475
20,70,60,0.008074532262980938
20,70,70,0.008295232430100441
20,70,80,0.007803172338753939
20,70,90,0.008373800665140152
20,70,100,0.014100279659032822
20,80,10,0.005677168723195791
20,80,20,0.00796634890139103
20,80,30,0.007519409991800785
20,80,40,0.008031864650547504
20,80,50,0.007295547518879175
20,80,60,0.00758505892008543
20,80,70,0.008636999875307083
20,80,80,0.008920150808990002
20,80,90,0.009603387676179409
20,80,100,0.010472116060554981
20,90,10,0.00847683660686016
20,90,20,0.006540389731526375
20,90,30,0.007057725451886654
20,90,40,0.00767730874940753
20,90,50,0.007782042026519775
20,90,60,0.0078849783167243
20,90,70,0.009738997556269169
20,90,80,0.009916330687701702
20,90,90,0.008730711415410042
20,90,100,0.010202866047620773
20,100,10,0.005883425008505583
20,100,20,0.006126588676124811
20,100,30,0.00547023443505168
20,100,40,0.0073896474204957485
20,100,50,0.010351692326366901
20,100,60,0.009288139641284943
20,100,70,0.007839416153728962
20,100,80,0.009158517234027386
20,100,90,0.009041711688041687
20,100,100,0.010321514680981636
20,110,10,0.005435289349406958
20,110,20,0.006383772939443588
20,110,30,0.00762911094352603
20,110,40,0.007059572264552116
20,110,50,0.0077371965162456036
20,110,60,0.007908823899924755
20,110,70,0.00896317046135664
20,110,80,0.00671903183683753
20,110,90,0.009586595930159092
20,110,100,0.009975800290703773
20,120,10,0.00579176377505064
20,120,20,0.005941326264292002
20,120,30,0.006516329012811184
20,120,40,0.006098922807723284
20,120,50,0.007820786908268929
20,120,60,0.008420460857450962
20,120,70,0.007694549858570099
20,120,80,0.007383041083812714
20,120,90,0.007950466126203537
20,120,100,0.00801457092165947
20,130,10,0.005270191468298435
20,130,20,0.006519845686852932
20,130,30,0.006971744820475578
20,130,40,0.006225454155355692
20,130,50,0.006219054572284222
20,130,60,0.006852942518889904
20,130,70,0.006989668123424053
20,130,80,0.007853925228118896
20,130,90,0.01005532220005989
20,130,100,0.00834494736045599
20,140,10,0.005048940423876047
20,140,20,0.006114569492638111
20,140,30,0.007927602156996727
20,140,40,0.007108814548701048
20,140,50,0.007886948995292187
20,140,60,0.008095708675682545
20,140,70,0.0071672298945486546
20,140,80,0.007568663451820612
20,140,90,0.008656401187181473
20,140,100,0.00959300808608532
20,150,10,0.0056835319846868515
20,150,20,0.006273694336414337
20,150,30,0.006021514069288969
20,150,40,0.008098004385828972
20,150,50,0.007203465327620506
20,150,60,0.007700826972723007
20,150,70,0.007219018414616585
20,150,80,0.0063387551344931126
20,150,90,0.00802538264542818
20,150,100,0.008484224788844585
20,160,10,0.0050501697696745396
20,160,20,0.005699052941054106
20,160,30,0.006083878688514233
20,160,40,0.006370606832206249
20,160,50,0.006241494324058294
20,160,60,0.007531262468546629
20,160,70,0.0068644508719444275
20,160,80,0.00682635884732008
20,160,90,0.007855874486267567
20,160,100,0.008385112509131432
20,170,10,0.005162357352674007
20,170,20,0.006350677460432053
20,170,30,0.0061266119591891766
20,170,40,0.006982768885791302
20,170,50,0.005857809446752071
20,170,60,0.007165328599512577
20,170,70,0.008023388683795929
20,170,80,0.006638989318162203
20,170,90,0.008434813469648361
20,170,100,0.006268261931836605
20,180,10,0.005226587876677513
20,180,20,0.006631340831518173
20,180,30,0.006125461310148239
20,180,40,0.005540084093809128
20,180,50,0.006490217987447977
20,180,60,0.007147834170609713
20,180,70,0.006261524278670549
20,180,80,0.007363818120211363
20,180,90,0.007336299866437912
20,180,100,0.007772139739245176
20,190,10,0.006268257740885019
20,190,20,0.006451656110584736
20,190,30,0.00561148626729846
20,190,40,0.0057248868979513645
20,190,50,0.008741148747503757
20,190,60,0.007534877397119999
20,190,70,0.00618931045755744
20,190,80,0.007861391641199589
20,190,90,0.0074384151957929134
20,190,100,0.007855808362364769
20,200,10,0.005434904247522354
20,200,20,0.004952295683324337
20,200,30,0.005936610046774149
20,200,40,0.006958012003451586
20,200,50,0.006607329472899437
20,200,60,0.007615790236741304
20,200,70,0.00779308658093214
20,200,80,0.006695121061056852
20,200,90,0.0075206211768090725
20,200,100,0.006627653259783983
30,20,10,0.009102307260036469
30,20,20,0.011134771630167961
30,20,30,0.009514410980045795
30,20,40,0.010599776171147823
30,20,50,0.01065928302705288
30,20,60,0.012783951126039028
30,20,70,0.011036044918000698
30,20,80,0.010387090034782887
30,20,90,0.018477849662303925
30,20,100,0.014102908782660961
30,30,10,0.006959944032132626
30,30,20,0.009843682870268822
30,30,30,0.009292575530707836
30,30,40,0.00977262295782566
30,30,50,0.009964647702872753
30,30,60,0.011314240284264088
30,30,70,0.00921251717954874
30,30,80,0.009357264265418053
30,30,90,0.014028423465788364
30,30,100,0.012035917490720749
30,40,10,0.005761645268648863
30,40,20,0.006846131756901741
30,40,30,0.00879593100398779
30,40,40,0.008773487992584705
30,40,50,0.009175954386591911
30,40,60,0.009462128393352032
30,40,70,0.008939127437770367
30,40,80,0.010640383698046207
30,40,90,0.011476362124085426
30,40,100,0.010792545042932034
30,50,10,0.008574657142162323
30,50,20,0.007359234616160393
30,50,30,0.007427931763231754
30,50,40,0.007935002446174622
30,50,50,0.008909200318157673
30,50,60,0.009009718894958496
30,50,70,0.008386215195059776
30,50,80,0.008854012936353683
30,50,90,0.01012659352272749
30,50,100,0.011117406189441681
30,60,10,0.00753497239202261
30,60,20,0.0076431287452578545
30,60,30,0.007569955661892891
30,60,40,0.008894184604287148
30,60,50,0.009731590747833252
30,60,60,0.007238753139972687
30,60,70,0.008296904154121876
30,60,80,0.009739348664879799
30,60,90,0.00924436841160059
30,60,100,0.010353096760809422
30,70,10,0.005186543334275484
30,70,20,0.007990920916199684
30,70,30,0.012105518952012062
30,70,40,0.007087635342031717
30,70,50,0.00902711320668459
30,70,60,0.008600291796028614
30,70,70,0.009675725363194942
30,70,80,0.008431322872638702
30,70,90,0.009057387709617615
30,70,100,0.009425378404557705
30,80,10,0.00728426082059741
30,80,20,0.006270207930356264
30,80,30,0.0066725118085742
30,80,40,0.007465004920959473
30,80,50,0.007667553145438433
30,80,60,0.008868244476616383
30,80,70,0.007821690291166306
30,80,80,0.008733647875487804
30,80,90,0.009600196033716202
30,80,100,0.009560038335621357
30,90,10,0.0048838029615581036
30,90,20,0.007556677795946598
30,90,30,0.006476322654634714
30,90,40,0.007560041267424822
30,90,50,0.008472680114209652
30,90,60,0.00760093005374074
30,90,70,0.008680124767124653
30,90,80,0.00731117557734251
30,90,90,0.007245246786624193
30,90,100,0.008376545272767544
30,100,10,0.005897102877497673
30,100,20,0.006708822678774595
30,100,30,0.006031070835888386
30,100,40,0.005567979998886585
30,100,50,0.006690084934234619
30,100,60,0.0076401629485189915
30,100,70,0.0076324352994561195
30,100,80,0.008174603804945946
30,100,90,0.008625738322734833
30,100,100,0.007241265848278999
30,110,10,0.005467589478939772
30,110,20,0.006699441932141781
30,110,30,0.006216701120138168
30,110,40,0.007013912778347731
30,110,50,0.006662926636636257
30,110,60,0.007796468213200569
30,110,70,0.0075242770835757256
30,110,80,0.007531823590397835
30,110,90,0.007438412867486477
30,110,100,0.008401640690863132
30,120,10,0.006562097929418087
30,120,20,0.006538237910717726
30,120,30,0.005892270710319281
30,120,40,0.00603527994826436
30,120,50,0.007114628795534372
30,120,60,0.006385056767612696
30,120,70,0.007249210029840469
30,120,80,0.0063887713477015495
30,120,90,0.006924291606992483
30,120,100,0.00691169174388051
30,130,10,0.005131157115101814
30,130,20,0.006157590541988611
30,130,30,0.006397941615432501
30,130,40,0.006904811132699251
30,130,50,0.007083760108798742
30,130,60,0.006294773425906897
30,130,70,0.006287501659244299
30,130,80,0.006020018830895424
30,130,90,0.006920579355210066
30,130,100,0.00777997262775898
30,140,10,0.00617312453687191
30,140,20,0.007433958351612091
30,140,30,0.006244958844035864
30,140,40,0.0072092716582119465
30,140,50,0.005914462264627218
30,140,60,0.008411185815930367
30,140,70,0.006495678797364235
30,140,80,0.007679063826799393
30,140,90,0.007950502447783947
30,140,100,0.006608812138438225
30,150,10,0.0054008993320167065
30,150,20,0.005726668052375317
30,150,30,0.00677860714495182
30,150,40,0.00690968194976449
30,150,50,0.008742877282202244
30,150,60,0.007179848849773407
30,150,70,0.0070995609275996685
30,150,80,0.006067648064345121
30,150,90,0.009898783639073372
30,150,100,0.008975263684988022
30,160,10,0.005598884541541338
30,160,20,0.005572517868131399
30,160,30,0.007445452734827995
30,160,40,0.005545978434383869
30,160,50,0.007536046672612429
30,160,60,0.00664858240634203
30,160,70,0.006970453541725874
30,160,80,0.006743423640727997
30,160,90,0.006785070523619652
30,160,100,0.007862977683544159
30,170,10,0.00503416545689106
30,170,20,0.0055163586512207985
30,170,30,0.0055218469351530075
30,170,40,0.006661070045083761
30,170,50,0.007364660035818815
30,170,60,0.006566832773387432
30,170,70,0.008546185679733753
30,170,80,0.005811184179037809
30,170,90,0.006125414278358221
30,170,100,0.0062039513140916824
30,180,10,0.0050462898798286915
30,180,20,0.005348009988665581
30,180,30,0.005689349956810474
30,180,40,0.005980994552373886
30,180,50,0.006665581371635199
30,180,60,0.007427650969475508
30,180,70,0.006316852755844593
30,180,80,0.006592150311917067
30,180,90,0.0065355319529771805
30,180,100,0.008289948105812073
30,190,10,0.005350280553102493
30,190,20,0.005588460713624954
30,190,30,0.005724173970520496
30,190,40,0.00629595760256052
30,190,50,0.00616770563647151
30,190,60,0.006993022281676531
30,190,70,0.007723930757492781
30,190,80,0.007020086981356144
30,190,90,0.006548876408487558
30,190,100,0.007791547104716301
30,200,10,0.004798742942512035
30,200,20,0.005826802458614111
30,200,30,0.006090635433793068
30,200,40,0.005762096960097551
30,200,50,0.0067557985894382
30,200,60,0.005993123631924391
30,200,70,0.006448106840252876
30,200,80,0.006922560278326273
30,200,90,0.006317432504147291
30,200,100,0.00850151851773262
40,20,10,0.008618568070232868
40,20,20,0.007778990548104048
40,20,30,0.011074214242398739
40,20,40,0.009714003652334213
40,20,50,0.014205286279320717
40,20,60,0.012687117792665958
40,20,70,0.01484182383865118
40,20,80,0.014552593231201172
40,20,90,0.01129408460110426
40,20,100,0.01450407225638628
40,30,10,0.007901625707745552
40,30,20,0.008637780323624611
40,30,30,0.007912255823612213
40,30,40,0.010080003179609776
40,30,50,0.009555417113006115
40,30,60,0.009403408505022526
40,30,70,0.011310175992548466
40,30,80,0.00987918395549059
40,30,90,0.011176953092217445
40,30,100,0.01222855132073164
40,40,10,0.006763330660760403
40,40,20,0.007054097484797239
40,40,30,0.011679822579026222
40,40,40,0.008208842016756535
40,40,50,0.008942639455199242
40,40,60,0.0096805514767766
40,40,70,0.009692146442830563
40,40,80,0.009613863192498684
40,40,90,0.012834296561777592
40,40,100,0.010233094915747643
40,50,10,0.006241311319172382
40,50,20,0.007673341780900955
40,50,30,0.007854306139051914
40,50,40,0.00830260943621397
40,50,50,0.008761867880821228
40,50,60,0.008202743716537952
40,50,70,0.00815995130687952
40,50,80,0.009248409420251846
40,50,90,0.010448229499161243
40,50,100,0.009229199960827827
40,60,10,0.006556348875164986
40,60,20,0.00722127640619874
40,60,30,0.008518047630786896
40,60,40,0.008715822361409664
40,60,50,0.008788404986262321
40,60,60,0.008197808638215065
40,60,70,0.007669915910810232
40,60,80,0.00803828239440918
40,60,90,0.0065781609155237675
40,60,100,0.007541141007095575
40,70,10,0.005816998891532421
40,70,20,0.007044265978038311
40,70,30,0.007698590401560068
40,70,40,0.0071078757755458355
40,70,50,0.006876757368445396
40,70,60,0.008585277944803238
40,70,70,0.008135011419653893
40,70,80,0.008403120562434196
40,70,90,0.009481656365096569
40,70,100,0.008693398907780647
40,80,10,0.007213496137410402
40,80,20,0.007174859754741192
40,80,30,0.006678021978586912
40,80,40,0.006253685802221298
40,80,50,0.008559749461710453
40,80,60,0.00806376151740551
40,80,70,0.008023865520954132
40,80,80,0.0072912052273750305
40,80,90,0.007833097130060196
40,80,100,0.007826822809875011
40,90,10,0.005587315186858177
40,90,20,0.005789024289697409
40,90,30,0.00893452949821949
40,90,40,0.005726242903620005
40,90,50,0.007614920847117901
40,90,60,0.008139080367982388
40,90,70,0.007198065984994173
40,90,80,0.006020640023052692
40,90,90,0.007226412184536457
40,90,100,0.008047454990446568
40,100,10,0.005212722346186638
40,100,20,0.005193961318582296
40,100,30,0.0073142037726938725
40,100,40,0.006692770402878523
40,100,50,0.006475547794252634
40,100,60,0.0072951121255755424
40,100,70,0.007486188318580389
40,100,80,0.008327697403728962
40,100,90,0.008421431295573711
40,100,100,0.008122628554701805
40,110,10,0.00779983913525939
40,110,20,0.005707066971808672
40,110,30,0.006175169721245766
40,110,40,0.0062056053429841995
40,110,50,0.0060881879180669785
40,110,60,0.006822296883910894
40,110,70,0.006472867913544178
40,110,80,0.007330931257456541
40,110,90,0.007781471591442823
40,110,100,0.008375593461096287
40,120,10,0.006088337395340204
40,120,20,0.00510550569742918
40,120,30,0.0061004795134067535
40,120,40,0.0051484620198607445
40,120,50,0.006318260915577412
40,120,60,0.006916511338204145
40,120,70,0.006402774713933468
40,120,80,0.006056168116629124
40,120,90,0.006919838022440672
40,120,100,0.009710701182484627
40,130,10,0.006940048187971115
40,130,20,0.005672856234014034
40,130,30,0.006879287771880627
40,130,40,0.006088682450354099
40,130,50,0.005967189557850361
40,130,60,0.007145752664655447
40,130,70,0.008359205909073353
40,130,80,0.006830974481999874
40,130,90,0.008496834896504879
40,130,100,0.0065981242805719376
40,140,10,0.006086973939090967
40,140,20,0.005456215236335993
40,140,30,0.007109539117664099
40,140,40,0.006425278726965189
40,140,50,0.0066450308077037334
40,140,60,0.006108373869210482
40,140,70,0.006293239071965218
40,140,80,0.007581548765301704
40,140,90,0.007031918503344059
40,140,100,0.006857017520815134
40,150,10,0.005672255996614695
40,150,20,0.006604952737689018
40,150,30,0.007467162329703569
40,150,40,0.006703470833599567
40,150,50,0.005852712783962488
40,150,60,0.007637058384716511
40,150,70,0.005304221995174885
40,150,80,0.007745546288788319
40,150,90,0.008095172233879566
40,150,100,0.00791392382234335
40,160,10,0.006360786501318216
40,160,20,0.0056906165555119514
40,160,30,0.0071645393036305904
40,160,40,0.006123578175902367
40,160,50,0.005944941192865372
40,160,60,0.006841517519205809
40,160,70,0.0058191386051476
40,160,80,0.0071522947400808334
40,160,90,0.006385648623108864
40,160,100,0.007333171088248491
40,170,10,0.005156334023922682
40,170,20,0.005408613011240959
40,170,30,0.005534809082746506
40,170,40,0.0067933653481304646
40,170,50,0.005833873059600592
40,170,60,0.0066244276240468025
40,170,70,0.006831911392509937
40,170,80,0.006556596606969833
40,170,90,0.00674498500302434
40,170,100,0.00746525451540947
40,180,10,0.006434704177081585
40,180,20,0.005396355874836445
40,180,30,0.005505959037691355
40,180,40,0.005856504198163748
40,180,50,0.005800738465040922
40,180,60,0.006510194391012192
40,180,70,0.006166853476315737
40,180,80,0.007188715972006321
40,180,90,0.00783176813274622
40,180,100,0.006375075783580542
40,190,10,0.0053321546874940395
40,190,20,0.005262711551040411
40,190,30,0.008915770798921585
40,190,40,0.008105874992907047
40,190,50,0.006073172204196453
40,190,60,0.0059487419202923775
40,190,70,0.005860826466232538
40,190,80,0.006560530513525009
40,190,90,0.007891406305134296
40,190,100,0.006564327981323004
40,200,10,0.005134136416018009
40,200,20,0.005014966242015362
40,200,30,0.006291085854172707
40,200,40,0.005826456472277641
40,200,50,0.005992269143462181
40,200,60,0.005997667089104652
40,200,70,0.006116922944784164
40,200,80,0.006073261611163616
40,200,90,0.006566034164279699
40,200,100,0.00687782559543848
50,20,10,0.00717705674469471
50,20,20,0.009751491248607635
50,20,30,0.009185968898236752
50,20,40,0.009824779815971851
50,20,50,0.00981409102678299
50,20,60,0.012314320541918278
50,20,70,0.013695198111236095
50,20,80,0.01029194239526987
50,20,90,0.01208936981856823
50,20,100,0.014037669636309147
50,30,10,0.006960333324968815
50,30,20,0.007695892360061407
50,30,30,0.009072301909327507
50,30,40,0.009994971565902233
50,30,50,0.00918556284159422
50,30,60,0.008996334858238697
50,30,70,0.010675125755369663
50,30,80,0.009814399294555187
50,30,90,0.010678352788090706
50,30,100,0.010702955536544323
50,40,10,0.007438471540808678
50,40,20,0.008625736460089684
50,40,30,0.006901721004396677
50,40,40,0.007978525012731552
50,40,50,0.009128844365477562
50,40,60,0.009080741554498672
50,40,70,0.009424757212400436
50,40,80,0.008749757893383503
50,40,90,0.008788041770458221
50,40,100,0.011734401807188988
50,50,10,0.005762929562479258
50,50,20,0.007634264416992664
50,50,30,0.006950377486646175
50,50,40,0.008625670336186886
50,50,50,0.006944970227777958
50,50,60,0.00966479443013668
50,50,70,0.008465261198580265
50,50,80,0.009121519513428211
50,50,90,0.009003235958516598
50,50,100,0.01055525615811348
50,60,10,0.006086844019591808
50,60,20,0.006837985944002867
50,60,30,0.007184007670730352
50,60,40,0.007216345518827438
50,60,50,0.007315306458622217
50,60,60,0.008344000205397606
50,60,70,0.0083061084151268
50,60,80,0.00812092237174511
50,60,90,0.009224607609212399
50,60,100,0.009299871511757374
50,70,10,0.00590592110529542
50,70,20,0.007346233818680048
50,70,30,0.007060220465064049
50,70,40,0.007457908242940903
50,70,50,0.0070574055425822735
50,70,60,0.007503509521484375
50,70,70,0.008768519386649132
50,70,80,0.007417398039251566
50,70,90,0.007721169851720333
50,70,100,0.0100336242467165
50,80,10,0.00525967963039875
50,80,20,0.005705613177269697
50,80,30,0.006781115662306547
50,80,40,0.0063768173567950726
50,80,50,0.00878447387367487
50,80,60,0.007311302237212658
50,80,70,0.0076303910464048386
50,80,80,0.008196454495191574
50,80,90,0.007459801621735096
50,80,100,0.008391412906348705
50,90,10,0.00582008296623826
50,90,20,0.0060621039010584354
50,90,30,0.006478139199316502
50,90,40,0.007710423320531845
50,90,50,0.00664051016792655
50,90,60,0.007460055872797966
50,90,70,0.008058235049247742
50,90,80,0.006963853724300861
50,90,90,0.007651660591363907
50,90,100,0.007748119067400694
50,100,10,0.0065884944051504135
50,100,20,0.006716284900903702
50,100,30,0.006719835568219423
50,100,40,0.00677497498691082
50,100,50,0.00616498151794076
50,100,60,0.007174680009484291
50,100,70,0.007377860136330128
50,100,80,0.007462956942617893
50,100,90,0.006138733122497797
50,100,100,0.007581666577607393
50,110,10,0.005268231499940157
50,110,20,0.0054161883890628815
50,110,30,0.0074297417886555195
50,110,40,0.006360549014061689
50,110,50,0.007068055681884289
50,110,60,0.006379272323101759
50,110,70,0.007249645888805389
50,110,80,0.007803479675203562
50,110,90,0.0063025024719536304
50,110,100,0.007590959779918194
50,120,10,0.005670592654496431
50,120,20,0.005351869855076075
50,120,30,0.005380559712648392
50,120,40,0.005583519581705332
50,120,50,0.007248946465551853
50,120,60,0.005814630538225174
50,120,70,0.007893617264926434
50,120,80,0.006998417899012566
50,120,90,0.006862688809633255
50,120,100,0.006497787777334452
50,130,10,0.006308311130851507
50,130,20,0.0053666881285607815
50,130,30,0.00490810489282012
50,130,40,0.006192220374941826
50,130,50,0.005723979324102402
50,130,60,0.006726311054080725
50,130,70,0.006480578798800707
50,130,80,0.0061184377409517765
50,130,90,0.005839829333126545
50,130,100,0.00782128144055605
50,140,10,0.005252412054687738
50,140,20,0.005552465096116066
50,140,30,0.005098049994558096
50,140,40,0.0054050288163125515
50,140,50,0.00722555723041296
50,140,60,0.006358310114592314
50,140,70,0.009093844331800938
50,140,80,0.007020355202257633
50,140,90,0.00694273179396987
50,140,100,0.006829674821346998
50,150,10,0.005805887747555971
50,150,20,0.0065592811442911625
50,150,30,0.0065348148345947266
50,150,40,0.005514367017894983
50,150,50,0.007127101998776197
50,150,60,0.006889228709042072
50,150,70,0.006034818012267351
50,150,80,0.008232317864894867
50,150,90,0.005964555311948061
50,150,100,0.006888445932418108
50,160,10,0.005194858647882938
50,160,20,0.005086502060294151
50,160,30,0.006092522758990526
50,160,40,0.0057467250153422356
50,160,50,0.00720240967348218
50,160,60,0.005993650760501623
50,160,70,0.005591891705989838
50,160,80,0.006360981613397598
50,160,90,0.006121632177382708
50,160,100,0.006305335089564323
50,170,10,0.0051606930792331696
50,170,20,0.00540353637188673
50,170,30,0.005318435840308666
50,170,40,0.005798319820314646
50,170,50,0.006164099555462599
50,170,60,0.0067958892323076725
50,170,70,0.0060725221410393715
50,170,80,0.0053892554715275764
50,170,90,0.007212444208562374
50,170,100,0.007826907560229301
50,180,10,0.005189223680645227
50,180,20,0.005641179159283638
50,180,30,0.0058411117643117905
50,180,40,0.0062436750158667564
50,180,50,0.00561448885127902
50,180,60,0.0073419297114014626
50,180,70,0.005708446726202965
50,180,80,0.007141509093344212
50,180,90,0.0061767008155584335
50,180,100,0.006722505670040846
50,190,10,0.004858024418354034
50,190,20,0.005607793107628822
50,190,30,0.007043135352432728
50,190,40,0.006185133010149002
50,190,50,0.007528634276241064
50,190,60,0.005758320912718773
50,190,70,0.006026765797287226
50,190,80,0.006030832417309284
50,190,90,0.006788465194404125
50,190,100,0.007402215152978897
50,200,10,0.004927511792629957
50,200,20,0.005691733676940203
50,200,30,0.0058035217225551605
50,200,40,0.005177738144993782
50,200,50,0.005038885865360498
50,200,60,0.005182215478271246
50,200,70,0.006390236783772707
50,200,80,0.00617229612544179
50,200,90,0.00648384029045701
50,200,100,0.006270517595112324
60,20,10,0.009523018263280392
60,20,20,0.008264821022748947
60,20,30,0.010050700046122074
60,20,40,0.00984425563365221
60,20,50,0.009763319045305252
60,20,60,0.0102222366258502
60,20,70,0.012401700019836426
60,20,80,0.014135831035673618
60,20,90,0.011325038969516754
60,20,100,0.012399738654494286
60,30,10,0.006719674915075302
60,30,20,0.007233035285025835
60,30,30,0.007959353737533092
60,30,40,0.008024991489946842
60,30,50,0.010609766468405724
60,30,60,0.009224498644471169
60,30,70,0.010601725429296494
60,30,80,0.009047465398907661
60,30,90,0.011084264144301414
60,30,100,0.01095420029014349
60,40,10,0.007495136931538582
60,40,20,0.006647690664976835
60,40,30,0.006756558548659086
60,40,40,0.008097811602056026
60,40,50,0.008546371944248676
60,40,60,0.009659555740654469
60,40,70,0.008114365860819817
60,40,80,0.00848879013210535
60,40,90,0.008006574586033821
60,40,100,0.009863224811851978
60,50,10,0.0061515700072050095
60,50,20,0.005564922466874123
60,50,30,0.006657070945948362
60,50,40,0.0069149695336818695
60,50,50,0.007717455271631479
60,50,60,0.00772319920361042
60,50,70,0.008391412906348705
60,50,80,0.008904281072318554
60,50,90,0.007835925556719303
60,50,100,0.008834006264805794
60,60,10,0.0054634008556604385
60,60,20,0.007100711576640606
60,60,30,0.007649453356862068
60,60,40,0.006750945001840591
60,60,50,0.007870323024690151
60,60,60,0.007735120598226786
60,60,70,0.00843141321092844
60,60,80,0.007926762104034424
60,60,90,0.009637996554374695
60,60,100,0.010561115108430386
60,70,10,0.004927668254822493
60,70,20,0.005689145065844059
60,70,30,0.006280246656388044
60,70,40,0.006527680903673172
60,70,50,0.007202767301350832
60,70,60,0.007548800203949213
60,70,70,0.00823123101145029
60,70,80,0.008132738061249256
60,70,90,0.0064544775523245335
60,70,100,0.009262916631996632
60,80,10,0.005413306411355734
60,80,20,0.005537823308259249
60,80,30,0.006880300585180521
60,80,40,0.005879860371351242
60,80,50,0.007520188577473164
60,80,60,0.008767803199589252
60,80,70,0.00696309469640255
60,80,80,0.007445496041327715
60,80,90,0.008053065277636051
60,80,100,0.008571685291826725
60,90,10,0.005594417918473482
60,90,20,0.005187199451029301
60,90,30,0.005095788277685642
60,90,40,0.006715335883200169
60,90,50,0.007735107559710741
60,90,60,0.007539818063378334
60,90,70,0.007317886687815189
60,90,80,0.0070931576192379
60,90,90,0.007517047226428986
60,90,100,0.007772119250148535
60,100,10,0.0061338250525295734
60,100,20,0.006131747271865606
60,100,30,0.005866026505827904
60,100,40,0.007009186316281557
60,100,50,0.006642134394496679
60,100,60,0.0077524008229374886
60,100,70,0.0060793738812208176
60,100,80,0.007256272714585066
60,100,90,0.007603324484080076
60,100,100,0.00919636432081461
60,110,10,0.005819652229547501
60,110,20,0.006418329197913408
60,110,30,0.00688799936324358
60,110,40,0.006522315554320812
60,110,50,0.006662116851657629
60,110,60,0.007007872685790062
60,110,70,0.006740845274180174
60,110,80,0.006707172840833664
60,110,90,0.006886644288897514
60,110,100,0.00681842677295208
60,120,10,0.005572332534939051
60,120,20,0.006782726384699345
60,120,30,0.005861241370439529
60,120,40,0.006707839667797089
60,120,50,0.005805533844977617
60,120,60,0.007459109183400869
60,120,70,0.006437611300498247
60,120,80,0.006810089107602835
60,120,90,0.007757443003356457
60,120,100,0.006767291575670242
60,130,10,0.004768449813127518
60,130,20,0.005655298940837383
60,130,30,0.005029627587646246
60,130,40,0.006367200519889593
60,130,50,0.006695701275020838
60,130,60,0.006183248944580555
60,130,70,0.007264294661581516
60,130,80,0.0062488047406077385
60,130,90,0.006593448109924793
60,130,100,0.00722823990508914
60,140,10,0.005113151855766773
60,140,20,0.005048195365816355
60,140,30,0.0064773098565638065
60,140,40,0.006443988531827927
60,140,50,0.006037730723619461
60,140,60,0.006136066745966673
60,140,70,0.0069021256640553474
60,140,80,0.006019280292093754
60,140,90,0.007889061234891415
60,140,100,0.006296639796346426
60,150,10,0.005570069886744022
60,150,20,0.00581692811101675
60,150,30,0.005555717274546623
60,150,40,0.007459370885044336
60,150,50,0.005711682140827179
60,150,60,0.007058011833578348
60,150,70,0.008304852992296219
60,150,80,0.0063255042769014835
60,150,90,0.006474604830145836
60,150,100,0.007621738128364086
60,160,10,0.006149595137685537
60,160,20,0.005712512414902449
60,160,30,0.005524242762476206
60,160,40,0.005595116410404444
60,160,50,0.005855522584170103
60,160,60,0.006749371066689491
60,160,70,0.007051446009427309
60,160,80,0.006040496751666069
60,160,90,0.006996746640652418
60,160,100,0.006947441957890987
60,170,10,0.007025838829576969
60,170,20,0.005772364791482687
60,170,30,0.005489509552717209
60,170,40,0.005242620129138231
60,170,50,0.006176776718348265
60,170,60,0.006574711296707392
60,170,70,0.005049059167504311
60,170,80,0.005158377345651388
60,170,90,0.006112015340477228
60,170,100,0.006267976015806198
60,180,10,0.005864868406206369
60,180,20,0.004734439309686422
60,180,30,0.005128312390297651
60,180,40,0.004752692300826311
60,180,50,0.005619636736810207
60,180,60,0.006146502215415239
60,180,70,0.005827502813190222
60,180,80,0.006197856739163399
60,180,90,0.0073700412176549435
60,180,100,0.006900977808982134
60,190,10,0.005279795732349157
60,190,20,0.006353157106786966
60,190,30,0.005699418485164642
60,190,40,0.005196692422032356
60,190,50,0.006052407901734114
60,190,60,0.005557715892791748
60,190,70,0.006212873384356499
60,190,80,0.006613864563405514
60,190,90,0.00657582888379693
60,190,100,0.006406684406101704
60,200,10,0.0056763929314911366
60,200,20,0.005527731496840715
60,200,30,0.004818715155124664
60,200,40,0.005853055976331234
60,200,50,0.005561010912060738
60,200,60,0.005345964804291725
60,200,70,0.0063822404481470585
60,200,80,0.006664970424026251
60,200,90,0.005697977263480425
60,200,100,0.006849604658782482
70,20,10,0.009030347689986229
70,20,20,0.00971909612417221
70,20,30,0.008636856451630592
70,20,40,0.009603194892406464
70,20,50,0.009935339912772179
70,20,60,0.010980683378875256
70,20,70,0.00963771715760231
70,20,80,0.011257410049438477
70,20,90,0.013040408492088318
70,20,100,0.013733071275055408
70,30,10,0.008461469784379005
70,30,20,0.006741799879819155
70,30,30,0.01005152240395546
70,30,40,0.009120427072048187
70,30,50,0.010015948675572872
70,30,60,0.008685613051056862
70,30,70,0.009351406246423721
70,30,80,0.008945398963987827
70,30,90,0.010265382006764412
70,30,100,0.011393961496651173
70,40,10,0.00692250020802021
70,40,20,0.006692876107990742
70,40,30,0.008645945228636265
70,40,40,0.008450041525065899
70,40,50,0.008720730431377888
70,40,60,0.008759322576224804
70,40,70,0.009089156985282898
70,40,80,0.008769801817834377
70,40,90,0.009350664913654327
70,40,100,0.009702479466795921
70,50,10,0.005391073413193226
70,50,20,0.0074510397389531136
70,50,30,0.006546884309500456
70,50,40,0.006713204085826874
70,50,50,0.0075564635917544365
70,50,60,0.007968701422214508
70,50,70,0.008333347737789154
70,50,80,0.007406880613416433
70,50,90,0.010734254494309425
70,50,100,0.009236426092684269
70,60,10,0.006604823283851147
70,60,20,0.005844654515385628
70,60,30,0.006706880871206522
70,60,40,0.008595863357186317
70,60,50,0.008760957047343254
70,60,60,0.007440223824232817
70,60,70,0.007965526543557644
70,60,80,0.007707851007580757
70,60,90,0.007936297915875912
70,60,100,0.009660786017775536
70,70,10,0.007424769923090935
70,70,20,0.006398508790880442
70,70,30,0.007471804041415453
70,70,40,0.006674503441900015
70,70,50,0.0068490453995764256
70,70,60,0.007966362871229649
70,70,70,0.007386848796159029
70,70,80,0.006528932601213455
70,70,90,0.008104689419269562
70,70,100,0.007907088845968246
70,80,10,0.005702645052224398
70,80,20,0.005772373639047146
70,80,30,0.005859647877514362
70,80,40,0.007515162695199251
70,80,50,0.005874804221093655
70,80,60,0.007001121994107962
70,80,70,0.007970812730491161
70,80,80,0.007517402525991201
70,80,90,0.00810827687382698
70,80,100,0.00785674899816513
70,90,10,0.005444423761218786
70,90,20,0.006488668266683817
70,90,30,0.006306902039796114
70,90,40,0.006341709289699793
70,90,50,0.006479800678789616
70,90,60,0.007688542362302542
70,90,70,0.007653680630028248
70,90,80,0.007166823837906122
70,90,90,0.006026581395417452
70,90,100,0.007505316287279129
70,100,10,0.004874587990343571
70,100,20,0.005654304288327694
70,100,30,0.008326279930770397
70,100,40,0.0064432742074131966
70,100,50,0.005964533891528845
70,100,60,0.006409839726984501
70,100,70,0.0064982096664607525
70,100,80,0.007559498306363821
70,100,90,0.0076774172484874725
70,100,100,0.007634381297975779
70,110,10,0.005219809710979462
70,110,20,0.006716241594403982
70,110,30,0.006502177566289902
70,110,40,0.005533149465918541
70,110,50,0.005762171465903521
70,110,60,0.007509342860430479
70,110,70,0.007500357925891876
70,110,80,0.007946458645164967
70,110,90,0.006207493133842945
70,110,100,0.007099905516952276
70,120,10,0.004902944900095463
70,120,20,0.00519404374063015
70,120,30,0.006544474046677351
70,120,40,0.006582282949239016
70,120,50,0.006523763760924339
70,120,60,0.006368214730173349
70,120,70,0.005733073689043522
70,120,80,0.0069105010479688644
70,120,90,0.006956674158573151
70,120,100,0.006743116769939661
70,130,10,0.005926576443016529
70,130,20,0.005470577161759138
70,130,30,0.006891344673931599
70,130,40,0.005769127979874611
70,130,50,0.006399343255907297
70,130,60,0.006531485356390476
70,130,70,0.007381132338196039
70,130,80,0.006398794241249561
70,130,90,0.006500273942947388
70,130,100,0.007324219681322575
70,140,10,0.006703716702759266
70,140,20,0.005141339730471373
70,140,30,0.00576994800940156
70,140,40,0.005644467659294605
70,140,50,0.005567140877246857
70,140,60,0.006740236654877663
70,140,70,0.005658995825797319
70,140,80,0.005844296887516975
70,140,90,0.006922232452780008
70,140,100,0.007171324919909239
70,150,10,0.005620927549898624
70,150,20,0.005916042253375053
70,150,30,0.005936513654887676
70,150,40,0.005443410947918892
70,150,50,0.005416619125753641
70,150,60,0.0061825052835047245
70,150,70,0.006362468469887972
70,150,80,0.006198827642947435
70,150,90,0.006575070787221193
70,150,100,0.006375405937433243
70,160,10,0.004714641720056534
70,160,20,0.006332560442388058
70,160,30,0.005907061975449324
70,160,40,0.006215098779648542
70,160,50,0.005429820157587528
70,160,60,0.006421538069844246
70,160,70,0.0057000890374183655
70,160,80,0.006368360947817564
70,160,90,0.007620841730386019
70,160,100,0.007074279244989157
70,170,10,0.006642436608672142
70,170,20,0.0064207278192043304
70,170,30,0.005467837210744619
70,170,40,0.0060792104341089725
70,170,50,0.006382096093147993
70,170,60,0.007046801038086414
70,170,70,0.005830736365169287
70,170,80,0.0062517388723790646
70,170,90,0.006723009515553713
70,170,100,0.007807291578501463
70,180,10,0.005460372194647789
70,180,20,0.005770843476057053
70,180,30,0.005961339920759201
70,180,40,0.005124002695083618
70,180,50,0.006533119827508926
70,180,60,0.005545573774725199
70,180,70,0.005924023222178221
70,180,80,0.00638999417424202
70,180,90,0.0067346408031880856
70,180,100,0.006696689873933792
70,190,10,0.005620444193482399
70,190,20,0.005561953876167536
70,190,30,0.005170741584151983
70,190,40,0.005192417185753584
70,190,50,0.006712823640555143
70,190,60,0.00612287875264883
70,190,70,0.0053758276626467705
70,190,80,0.0057518016546964645
70,190,90,0.006936213932931423
70,190,100,0.006893027573823929
70,200,10,0.005474248435348272
70,200,20,0.005024444777518511
70,200,30,0.006530425976961851
70,200,40,0.0055300649255514145
70,200,50,0.005817556753754616
70,200,60,0.005842272657901049
70,200,70,0.005963094998151064
70,200,80,0.006232606712728739
70,200,90,0.006767375394701958
70,200,100,0.007332601118832827
80,20,10,0.007674116175621748
80,20,20,0.009412209503352642
80,20,30,0.008498803712427616
80,20,40,0.008297975175082684
80,20,50,0.008829908445477486
80,20,60,0.009562361054122448
80,20,70,0.010402451269328594
80,20,80,0.011680640280246735
80,20,90,0.011000396683812141
80,20,100,0.011700981296598911
80,30,10,0.006953248754143715
80,30,20,0.008119501173496246
80,30,30,0.00736198527738452
80,30,40,0.009543202817440033
80,30,50,0.008691775612533092
80,30,60,0.009460165165364742
80,30,70,0.009862593375146389
80,30,80,0.009261547587811947
80,30,90,0.011038118973374367
80,30,100,0.010673727840185165
80,40,10,0.006863155867904425
80,40,20,0.00730004021897912
80,40,30,0.007903224788606167
80,40,40,0.009131446480751038
80,40,50,0.007420758251100779
80,40,60,0.008799594826996326
80,40,70,0.008347771130502224
80,40,80,0.008321531116962433
80,40,90,0.00941799022257328
80,40,100,0.010391732677817345
80,50,10,0.005709270481020212
80,50,20,0.006307401228696108
80,50,30,0.00769837386906147
80,50,40,0.008131885901093483
80,50,50,0.007072796113789082
80,50,60,0.007922560907900333
80,50,70,0.00815377663820982
80,50,80,0.007919888012111187
80,50,90,0.008156897500157356
80,50,100,0.008518130518496037
80,60,10,0.005945095792412758
80,60,20,0.005568801425397396
80,60,30,0.006380758713930845
80,60,40,0.007601287215948105
80,60,50,0.008364545181393623
80,60,60,0.00904490053653717
80,60,70,0.01041763462126255
80,60,80,0.00799063965678215
80,60,90,0.008295713923871517
80,60,100,0.008816500194370747
80,70,10,0.005067379213869572
80,70,20,0.0055227153934538364
80,70,30,0.006023510359227657
80,70,40,0.006327388808131218
80,70,50,0.006239315029233694
80,70,60,0.009163730777800083
80,70,70,0.007502000778913498
80,70,80,0.008438347838819027
80,70,90,0.007886710576713085
80,70,100,0.007982276380062103
80,80,10,0.006058172322809696
80,80,20,0.005774803459644318
80,80,30,0.0063245766796171665
80,80,40,0.006350233685225248
80,80,50,0.007349629886448383
80,80,60,0.007018767297267914
80,80,70,0.009388323873281479
80,80,80,0.007585352286696434
80,80,90,0.009229960851371288
80,80,100,0.00857874657958746
80,90,10,0.005652019288390875
80,90,20,0.006257967092096806
80,90,30,0.006184345576912165
80,90,40,0.005607773549854755
80,90,50,0.006589509081095457
80,90,60,0.007649663370102644
80,90,70,0.00600852956995368
80,90,80,0.00753078144043684
80,90,90,0.007406866177916527
80,90,100,0.007677170913666487
80,100,10,0.0056262570433318615
80,100,20,0.0060405246913433075
80,100,30,0.006136729381978512
80,100,40,0.0062280138954520226
80,100,50,0.006869875360280275
80,100,60,0.0062017557211220264
80,100,70,0.006809738464653492
80,100,80,0.006479766219854355
80,100,90,0.00767052685841918
80,100,100,0.008370278403162956
80,110,10,0.005064066499471664
80,110,20,0.005912736989557743
80,110,30,0.005505647510290146
80,110,40,0.006245246157050133
80,110,50,0.0059394147247076035
80,110,60,0.007133656647056341
80,110,70,0.006206600461155176
80,110,80,0.006394730415195227
80,110,90,0.006413394119590521
80,110,100,0.008123260922729969
80,120,10,0.005082488525658846
80,120,20,0.005365604069083929
80,120,30,0.006336642894893885
80,120,40,0.005246950779110193
80,120,50,0.006458808667957783
80,120,60,0.007035073824226856
80,120,70,0.0064060571603477
80,120,80,0.006766468286514282
80,120,90,0.006587897893041372
80,120,100,0.006576561834663153
80,130,10,0.0050612809136509895
80,130,20,0.005233991891145706
80,130,30,0.005213020835071802
80,130,40,0.006387272849678993
80,130,50,0.006435791030526161
80,130,60,0.006563841365277767
80,130,70,0.006716431118547916
80,130,80,0.006749255117028952
80,130,90,0.006158335600048304
80,130,100,0.006887257099151611
80,140,10,0.00567830353975296
80,140,20,0.004906337708234787
80,140,30,0.005986043252050877
80,140,40,0.005487017333507538
80,140,50,0.00608518673107028
80,140,60,0.005468390416353941
80,140,70,0.005031186621636152
80,140,80,0.005603122524917126
80,140,90,0.007357674650847912
80,140,100,0.0066552674397826195
80,150,10,0.005382714793086052
80,150,20,0.005795964039862156
80,150,30,0.0059773740358650684
80,150,40,0.0056315395049750805
80,150,50,0.005756419152021408
80,150,60,0.00683389650657773
80,150,70,0.006448837928473949
80,150,80,0.006739313714206219
80,150,90,0.007160169538110495
80,150,100,0.0068237739615142345
80,160,10,0.005053953733295202
80,160,20,0.005385350435972214
80,160,30,0.0049870917573571205
80,160,40,0.005793451331555843
80,160,50,0.006207382772117853
80,160,60,0.00587626826018095
80,160,70,0.0056398604065179825
80,160,80,0.005899087060242891
80,160,90,0.007192249409854412
80,160,100,0.006625623907893896
80,170,10,0.005738641135394573
80,170,20,0.005540010053664446
80,170,30,0.005747627466917038
80,170,40,0.005496743600815535
80,170,50,0.005487839691340923
80,170,60,0.00569747481495142
80,170,70,0.0067093633115291595
80,170,80,0.007406981661915779
80,170,90,0.0059697977267205715
80,170,100,0.0073717874474823475
80,180,10,0.005123396869748831
80,180,20,0.005398592911660671
80,180,30,0.006605664733797312
80,180,40,0.006144610233604908
80,180,50,0.006411114241927862
80,180,60,0.0063278391025960445
80,180,70,0.006061966065317392
80,180,80,0.0065556117333471775
80,180,90,0.006592335179448128
80,180,100,0.006702713668346405
80,190,10,0.0058164834044873714
80,190,20,0.005622144788503647
80,190,30,0.005804941523820162
80,190,40,0.00625736266374588
80,190,50,0.0056072925217449665
80,190,60,0.005590109620243311
80,190,70,0.005829761736094952
80,190,80,0.005597300827503204
80,190,90,0.005211946088820696
80,190,100,0.0063874502666294575
80,200,10,0.0054220641031861305
80,200,20,0.005241735838353634
80,200,30,0.007054853718727827
80,200,40,0.005172145087271929
80,200,50,0.00507905799895525
80,200,60,0.006039687432348728
80,200,70,0.005716437008231878
80,200,80,0.006021661218255758
80,200,90,0.0051166643388569355
80,200,100,0.006524723954498768
90,20,10,0.007593803573399782
90,20,20,0.0075773135758936405
90,20,30,0.00812162458896637
90,20,40,0.010503753088414669
90,20,50,0.00981959793716669
90,20,60,0.011629491113126278
90,20,70,0.01144668273627758
90,20,80,0.011026578955352306
90,20,90,0.01119358278810978
90,20,100,0.012883766554296017
90,30,10,0.006399468518793583
90,30,20,0.00874420441687107
90,30,30,0.009077194146811962
90,30,40,0.009028415195643902
90,30,50,0.008783380500972271
90,30,60,0.00878418330103159
90,30,70,0.009952636435627937
90,30,80,0.011377502232789993
90,30,90,0.009938162751495838
90,30,100,0.011281946673989296
90,40,10,0.005927874706685543
90,40,20,0.008575846441090107
90,40,30,0.008465422317385674
90,40,40,0.008320636115968227
90,40,50,0.0076968795619904995
90,40,60,0.007847360335290432
90,40,70,0.00855366513133049
90,40,80,0.009404577314853668
90,40,90,0.009066588245332241
90,40,100,0.009302560240030289
90,50,10,0.008486451581120491
90,50,20,0.00662514753639698
90,50,30,0.007714561186730862
90,50,40,0.006664653774350882
90,50,50,0.007513370364904404
90,50,60,0.00782318040728569
90,50,70,0.0069709583185613155
90,50,80,0.00979630183428526
90,50,90,0.008720720186829567
90,50,100,0.00808827392756939
90,60,10,0.0059959618374705315
90,60,20,0.005630048923194408
90,60,30,0.006870731245726347
90,60,40,0.006293108686804771
90,60,50,0.007467677816748619
90,60,60,0.0073978775180876255
90,60,70,0.007695989683270454
90,60,80,0.0070715537294745445
90,60,90,0.007590166293084621
90,60,100,0.006577807478606701
90,70,10,0.005169369745999575
90,70,20,0.005451729521155357
90,70,30,0.0075286985374987125
90,70,40,0.007299401331692934
90,70,50,0.006567165721207857
90,70,60,0.006968875881284475
90,70,70,0.009081927128136158
90,70,80,0.007854177616536617
90,70,90,0.008426178246736526
90,70,100,0.007962978444993496
90,80,10,0.0066817705519497395
90,80,20,0.0061688716523349285
90,80,30,0.006158499512821436
90,80,40,0.0067043849267065525
90,80,50,0.00797912385314703
90,80,60,0.006554293446242809
90,80,70,0.007693684194236994
90,80,80,0.007489191833883524
90,80,90,0.007926581427454948
90,80,100,0.009157729335129261
90,90,10,0.005672883708029985
90,90,20,0.006437232717871666
90,90,30,0.005961528047919273
90,90,40,0.007009424734860659
90,90,50,0.006563178729265928
90,90,60,0.00668831542134285
90,90,70,0.006828960496932268
90,90,80,0.00736274616792798
90,90,90,0.007039843127131462
90,90,100,0.006954406388103962
90,100,10,0.0063729663379490376
90,100,20,0.005016546696424484
90,100,30,0.005838381592184305
90,100,40,0.005805598106235266
90,100,50,0.006514696404337883
90,100,60,0.007032148540019989
90,100,70,0.006729663349688053
90,100,80,0.006651696283370256
90,100,90,0.007278899196535349
90,100,100,0.0072916485369205475
90,110,10,0.005256548058241606
90,110,20,0.00664448831230402
90,110,30,0.005631125066429377
90,110,40,0.005833907052874565
90,110,50,0.005585352424532175
90,110,60,0.006750575732439756
90,110,70,0.006788196042180061
90,110,80,0.006245616357773542
90,110,90,0.006777521688491106
90,110,100,0.007349058054387569
90,120,10,0.005428978707641363
90,120,20,0.005379086825996637
90,120,30,0.007500932086259127
90,120,40,0.005033491179347038
90,120,50,0.006463887169957161
90,120,60,0.00677115935832262
90,120,70,0.006045187823474407
90,120,80,0.00649077445268631
90,120,90,0.007008682005107403
90,120,100,0.0071175117045640945
90,130,10,0.005720748100429773
90,130,20,0.00541811203584075
90,130,30,0.0056473445147275925
90,130,40,0.004988799802958965
90,130,50,0.005861726589500904
90,130,60,0.00565152894705534
90,130,70,0.006817730143666267
90,130,80,0.006934149656444788
90,130,90,0.006041779648512602
90,130,100,0.008003161288797855
90,140,10,0.005580807104706764
90,140,20,0.00555668817833066
90,140,30,0.005359578412026167
90,140,40,0.005561948753893375
90,140,50,0.005340143106877804
90,140,60,0.005902423057705164
90,140,70,0.00630395021289587
90,140,80,0.0064408318139612675
90,140,90,0.006680382415652275
90,140,100,0.00827102828770876
90,150,10,0.005702374503016472
90,150,20,0.005473021883517504
90,150,30,0.005638314876705408
90,150,40,0.006051795091480017
90,150,50,0.005565605591982603
90,150,60,0.006045816466212273
90,150,70,0.007418698165565729
90,150,80,0.005744202062487602
90,150,90,0.005993184167891741
90,150,100,0.006362421438097954
90,160,10,0.005215766839683056
90,160,20,0.005760429427027702
90,160,30,0.005291241221129894
90,160,40,0.00566067174077034
90,160,50,0.005597248207777739
90,160,60,0.005746448878198862
90,160,70,0.007053512614220381
90,160,80,0.005586578976362944
90,160,90,0.006915074307471514
90,160,100,0.006200472358614206
90,170,10,0.006564242299646139
90,170,20,0.006951648276299238
90,170,30,0.0048526073805987835
90,170,40,0.005630023777484894
90,170,50,0.0059839654713869095
90,170,60,0.005237821023911238
90,170,70,0.007154836785048246
90,170,80,0.006009692791849375
90,170,90,0.006035486701875925
90,170,100,0.00625323411077261
90,180,10,0.005769543349742889
90,180,20,0.008364703506231308
90,180,30,0.005535588599741459
90,180,40,0.005787629634141922
90,180,50,0.005939312279224396
90,180,60,0.0053407601080834866
90,180,70,0.006823169067502022
90,180,80,0.005646722391247749
90,180,90,0.006695592775940895
90,180,100,0.006554326508194208
90,190,10,0.0052388692274689674
90,190,20,0.00563011784106493
90,190,30,0.00544746033847332
90,190,40,0.005460335407406092
90,190,50,0.0054317922331392765
90,190,60,0.006669000722467899
90,190,70,0.0073149739764630795
90,190,80,0.006005277391523123
90,190,90,0.004936269484460354
90,190,100,0.006497536785900593
90,200,10,0.005829681642353535
90,200,20,0.007029046304523945
90,200,30,0.005135665647685528
90,200,40,0.005486790090799332
90,200,50,0.005626496393233538
90,200,60,0.00559853482991457
90,200,70,0.007052263710647821
90,200,80,0.006065642461180687
90,200,90,0.005721319001168013
90,200,100,0.00597264664247632
100,20,10,0.00828999001532793
100,20,20,0.00856182724237442
100,20,30,0.008016681298613548
100,20,40,0.009791357442736626
100,20,50,0.01152820885181427
100,20,60,0.009894446469843388
100,20,70,0.011092950589954853
100,20,80,0.009514093399047852
100,20,90,0.009903037920594215
100,20,100,0.011984499171376228
100,30,10,0.0076914215460419655
100,30,20,0.008102837018668652
100,30,30,0.0074738990515470505
100,30,40,0.009097752161324024
100,30,50,0.008817865513265133
100,30,60,0.008343511261045933
100,30,70,0.009551157243549824
100,30,80,0.009468400850892067
100,30,90,0.009244151413440704
100,30,100,0.009626786224544048
100,40,10,0.005532396491616964
100,40,20,0.006894615478813648
100,40,30,0.008890879340469837
100,40,40,0.008166396990418434
100,40,50,0.008999047800898552
100,40,60,0.00847109965980053
100,40,70,0.00868928711861372
100,40,80,0.007994933985173702
100,40,90,0.008563081733882427
100,40,100,0.009081856347620487
100,50,10,0.005624495912343264
100,50,20,0.007626504171639681
100,50,30,0.006136858835816383
100,50,40,0.007946154102683067
100,50,50,0.009241459891200066
100,50,60,0.007092649582773447
100,50,70,0.008089108392596245
100,50,80,0.008533953689038754
100,50,90,0.008612195961177349
100,50,100,0.009833065792918205
100,60,10,0.0091203972697258
100,60,20,0.0065374188125133514
100,60,30,0.006964437663555145
100,60,40,0.007615939248353243
100,60,50,0.006785428151488304
100,60,60,0.007997758686542511
100,60,70,0.00896186288446188
100,60,80,0.008289603516459465
100,60,90,0.008209032006561756
100,60,100,0.007935958914458752
100,70,10,0.007487441413104534
100,70,20,0.006482494994997978
100,70,30,0.0068435342982411385
100,70,40,0.006890458520501852
100,70,50,0.0068020327016711235
100,70,60,0.007867364212870598
100,70,70,0.007896107621490955
100,70,80,0.008310001343488693
100,70,90,0.007846232503652573
100,70,100,0.007745269685983658
100,80,10,0.005376522429287434
100,80,20,0.0057806940749287605
100,80,30,0.0055928961373865604
100,80,40,0.0057672481052577496
100,80,50,0.006719932425767183
100,80,60,0.007341368123888969
100,80,70,0.007418686058372259
100,80,80,0.008380694314837456
100,80,90,0.008195321075618267
100,80,100,0.00834623072296381
100,90,10,0.005697101820260286
100,90,20,0.005373900290578604
100,90,30,0.00562355387955904
100,90,40,0.006028750911355019
100,90,50,0.006655375473201275
100,90,60,0.006861399859189987
100,90,70,0.0068864705972373486
100,90,80,0.006500620394945145
100,90,90,0.006974691990762949
100,90,100,0.007671864237636328
100,100,10,0.006572655867785215
100,100,20,0.005749159958213568
100,100,30,0.006284032016992569
100,100,40,0.006783668417483568
100,100,50,0.007013028021901846
100,100,60,0.005908105056732893
100,100,70,0.006515989080071449
100,100,80,0.007457875180989504
100,100,90,0.00689272303134203
100,100,100,0.00865697767585516
100,110,10,0.005655864719301462
100,110,20,0.005845627281814814
100,110,30,0.005780074279755354
100,110,40,0.0063345059752464294
100,110,50,0.005835000891238451
100,110,60,0.007135055493563414
100,110,70,0.006021573673933744
100,110,80,0.007498171180486679
100,110,90,0.0065642972476780415
100,110,100,0.006432238034904003
100,120,10,0.005222569219768047
100,120,20,0.006072530522942543
100,120,30,0.007334441412240267
100,120,40,0.006196480244398117
100,120,50,0.0063656349666416645
100,120,60,0.0072637395933270454
100,120,70,0.006831480655819178
100,120,80,0.008142071776092052
100,120,90,0.008307981304824352
100,120,100,0.007058598566800356
100,130,10,0.005311260931193829
100,130,20,0.00556214340031147
100,130,30,0.006128002889454365
100,130,40,0.006027324125170708
100,130,50,0.005879011005163193
100,130,60,0.006312975659966469
100,130,70,0.007000735495239496
100,130,80,0.0073176478035748005
100,130,90,0.007265647407621145
100,130,100,0.005924421362578869
100,140,10,0.005068179219961166
100,140,20,0.006715184543281794
100,140,30,0.007667611353099346
100,140,40,0.0064250752329826355
100,140,50,0.005560456309467554
100,140,60,0.005396218039095402
100,140,70,0.006797500886023045
100,140,80,0.006569795310497284
100,140,90,0.006382053252309561
100,140,100,0.0063771530985832214
100,150,10,0.0048381127417087555
100,150,20,0.005917299538850784
100,150,30,0.00531960790976882
100,150,40,0.0060597751289606094
100,150,50,0.006219479255378246
100,150,60,0.005502284504473209
100,150,70,0.005471216514706612
100,150,80,0.006754067726433277
100,150,90,0.007011646404862404
100,150,100,0.007153679616749287
100,160,10,0.005809929221868515
100,160,20,0.0052838753908872604
100,160,30,0.005843720864504576
100,160,40,0.00588218355551362
100,160,50,0.005748488940298557
100,160,60,0.005696677137166262
100,160,70,0.006453808397054672
100,160,80,0.006073531229048967
100,160,90,0.005561091471463442
100,160,100,0.006641330197453499
100,170,10,0.005268170963972807
100,170,20,0.006522383540868759
100,170,30,0.0053925467655062675
100,170,40,0.005015389062464237
100,170,50,0.006258884910494089
100,170,60,0.006733512971550226
100,170,70,0.006079948972910643
100,170,80,0.005603479221463203
100,170,90,0.005991877522319555
100,170,100,0.00623526144772768
100,180,10,0.0070143695920705795
100,180,20,0.005766123067587614
100,180,30,0.006239350885152817
100,180,40,0.005743115674704313
100,180,50,0.005311734974384308
100,180,60,0.005463149398565292
100,180,70,0.005728403106331825
100,180,80,0.005178652238100767
100,180,90,0.0056543247774243355
100,180,100,0.0062995608896017075
100,190,10,0.005561722908169031
100,190,20,0.005603102967143059
100,190,30,0.006193046923726797
100,190,40,0.005642865784466267
100,190,50,0.006243747193366289
100,190,60,0.005325717851519585
100,190,70,0.006203809287399054
100,190,80,0.005716409534215927
100,190,90,0.006403086706995964
100,190,100,0.006271878723055124
100,200,10,0.0061742509715259075
100,200,20,0.005591086111962795
100,200,30,0.005962699186056852
100,200,40,0.005364697426557541
100,200,50,0.005638511385768652
100,200,60,0.007054345682263374
100,200,70,0.00685214065015316
100,200,80,0.005880334880203009
100,200,90,0.005298534408211708
100,200,100,0.005818680394440889
